-- MySQL dump 10.13  Distrib 8.0.34, for Win64 (x86_64)
--
-- Host: localhost    Database: facereco
-- ------------------------------------------------------
-- Server version	8.0.34

/*!40101 SET @OLD_CHARACTER_SET_CLIENT=@@CHARACTER_SET_CLIENT */;
/*!40101 SET @OLD_CHARACTER_SET_RESULTS=@@CHARACTER_SET_RESULTS */;
/*!40101 SET @OLD_COLLATION_CONNECTION=@@COLLATION_CONNECTION */;
/*!50503 SET NAMES utf8mb4 */;
/*!40103 SET @OLD_TIME_ZONE=@@TIME_ZONE */;
/*!40103 SET TIME_ZONE='+00:00' */;
/*!40014 SET @OLD_UNIQUE_CHECKS=@@UNIQUE_CHECKS, UNIQUE_CHECKS=0 */;
/*!40014 SET @OLD_FOREIGN_KEY_CHECKS=@@FOREIGN_KEY_CHECKS, FOREIGN_KEY_CHECKS=0 */;
/*!40101 SET @OLD_SQL_MODE=@@SQL_MODE, SQL_MODE='NO_AUTO_VALUE_ON_ZERO' */;
/*!40111 SET @OLD_SQL_NOTES=@@SQL_NOTES, SQL_NOTES=0 */;

--
-- Table structure for table `department`
--

DROP TABLE IF EXISTS `department`;
/*!40101 SET @saved_cs_client     = @@character_set_client */;
/*!50503 SET character_set_client = utf8mb4 */;
CREATE TABLE `department` (
  `department_id` int NOT NULL,
  `department_name` varchar(20) DEFAULT NULL,
  PRIMARY KEY (`department_id`)
) ENGINE=InnoDB DEFAULT CHARSET=utf8mb4 COLLATE=utf8mb4_0900_ai_ci;
/*!40101 SET character_set_client = @saved_cs_client */;

--
-- Dumping data for table `department`
--

LOCK TABLES `department` WRITE;
/*!40000 ALTER TABLE `department` DISABLE KEYS */;
INSERT INTO `department` VALUES (1,'人力资源部'),(2,'财务部'),(3,'市场营销部'),(4,'研发部'),(5,'销售部'),(6,'技术部');
/*!40000 ALTER TABLE `department` ENABLE KEYS */;
UNLOCK TABLES;

--
-- Temporary view structure for view `department_employees_info`
--

DROP TABLE IF EXISTS `department_employees_info`;
/*!50001 DROP VIEW IF EXISTS `department_employees_info`*/;
SET @saved_cs_client     = @@character_set_client;
/*!50503 SET character_set_client = utf8mb4 */;
/*!50001 CREATE VIEW `department_employees_info` AS SELECT 
 1 AS `department_id`,
 1 AS `department_name`,
 1 AS `name`,
 1 AS `sex`,
 1 AS `total_employees`*/;
SET character_set_client = @saved_cs_client;

--
-- Table structure for table `faceinfo`
--

DROP TABLE IF EXISTS `faceinfo`;
/*!40101 SET @saved_cs_client     = @@character_set_client */;
/*!50503 SET character_set_client = utf8mb4 */;
CREATE TABLE `faceinfo` (
  `Id` int NOT NULL,
  `encoding` varchar(4096) NOT NULL,
  `path` varchar(255) NOT NULL,
  PRIMARY KEY (`Id`),
  CONSTRAINT `fk_staff_id` FOREIGN KEY (`Id`) REFERENCES `staff` (`Id`) ON DELETE CASCADE
) ENGINE=InnoDB DEFAULT CHARSET=utf8mb4 COLLATE=utf8mb4_0900_ai_ci;
/*!40101 SET character_set_client = @saved_cs_client */;

--
-- Dumping data for table `faceinfo`
--

LOCK TABLES `faceinfo` WRITE;
/*!40000 ALTER TABLE `faceinfo` DISABLE KEYS */;
INSERT INTO `faceinfo` VALUES (3,'-0.1259080469608307,0.09924376010894775,0.06118687242269516,-0.05854738876223564,-0.11278004199266434,-0.022775279358029366,-0.06358296424150467,-0.09006410092115402,0.1373346894979477,-0.06907035410404205,0.2964363098144531,-0.07701591402292252,-0.18970169126987457,-0.13022802770137787,-0.07760804146528244,0.2129117250442505,-0.18741635978221893,-0.16215616464614868,0.019605927169322968,0.04102281853556633,0.10299645364284515,-0.055626388639211655,-0.0007672159117646515,0.015959126874804497,-0.20309071242809296,-0.3268399238586426,-0.06886988878250122,-0.09519165009260178,-0.06567984074354172,-0.10346056520938873,-0.037696413695812225,0.11386477947235107,-0.20469710230827332,-0.038439758121967316,0.007419975474476814,0.07718969136476517,-0.020717138424515724,-0.005301762837916613,0.11137457191944122,0.003949225880205631,-0.24288727343082428,0.02287168987095356,0.060742978006601334,0.2574422061443329,0.19217422604560852,0.03012094274163246,0.014518086798489094,-0.12350868433713913,0.061672814190387726,-0.19156567752361298,-0.014331193640828133,0.13510358333587646,0.06879069656133652,0.05995967984199524,0.0067085884511470795,-0.09337189793586731,0.06812503188848495,0.08698218315839767,-0.12959487736225128,0.01013831328600645,0.07742787897586823,-0.0721922218799591,-0.0267065167427063,-0.08768846094608307,0.22218450903892517,0.05610469728708267,-0.109325110912323,-0.12698961794376373,0.09156900644302368,-0.09405142068862915,-0.10474953800439835,0.07393890619277954,-0.16227087378501892,-0.22272348403930664,-0.3476531207561493,-0.017020639032125473,0.3443552255630493,0.10618315637111664,-0.21557439863681793,0.06449740380048752,0.011195849627256393,0.03191877901554108,0.11743137240409851,0.1543186455965042,-0.025525813922286034,0.05907478928565979,-0.09733068197965622,0.0025881202891469,0.21338443458080292,-0.07129776477813721,0.003292978508397937,0.2144281566143036,-0.017485957592725754,0.06204209849238396,0.02496819570660591,0.002950557041913271,-0.005350816063582897,0.037636373192071915,-0.12031934410333633,-0.016278252005577087,0.0017242440953850746,-0.0386681966483593,-0.0455072782933712,0.10247034579515457,-0.14447832107543945,0.0782819539308548,0.012467848137021065,0.05388854816555977,-0.034510042518377304,-0.00921038817614317,-0.04024115204811096,-0.050588689744472504,0.08456029742956161,-0.22842790186405182,0.1857648491859436,0.2095058560371399,0.05792858824133873,0.07431252300739288,0.13207176327705383,0.03798297420144081,-0.04606379196047783,-0.001156737096607685,-0.16253940761089325,0.014968794770538807,0.10096696019172668,-0.08263325691223145,0.07727561146020889,-0.02083151787519455','./photo/3.jpg'),(6,'-0.103465236723423,0.09867936372756958,0.06611433625221252,-0.10101760923862457,-0.0647672787308693,-0.02524685114622116,-0.04739326983690262,-0.11562101542949677,0.16970562934875488,-0.16955234110355377,0.2582918405532837,-0.1058543473482132,-0.18904590606689453,-0.07618241757154465,-0.03862284868955612,0.18464182317256927,-0.11111229658126831,-0.09944988787174225,-0.029582088813185692,-2.479180693626404e-06,0.03753401339054108,-0.05725551396608353,0.034809552133083344,0.09455547481775284,-0.13596265017986298,-0.36041802167892456,-0.10042381286621094,-0.07030075788497925,-0.07019605487585068,-0.05398612841963768,-0.0621778704226017,0.06727014482021332,-0.2235015481710434,-0.009051689878106117,-0.02176572009921074,0.06917230784893036,-0.036731842905282974,-0.04857446998357773,0.13186584413051605,-0.0028938986361026764,-0.24188722670078278,-0.027781706303358078,0.06054443120956421,0.21040400862693787,0.16237491369247437,0.00782451406121254,0.025383058935403824,-0.1117125153541565,0.05781619995832443,-0.14681734144687653,0.06457971781492233,0.1077539473772049,0.01597670279443264,0.069773830473423,0.018584519624710083,-0.10597118735313416,0.03892159089446068,0.10338262468576431,-0.06896442919969559,-0.031453169882297516,0.05771980434656143,-0.06515626609325409,-0.07725314795970917,-0.05993000417947769,0.27918559312820435,0.12906110286712646,-0.10620160400867462,-0.17931008338928223,0.12843379378318787,-0.11284290999174118,-0.04251405969262123,0.0723201110959053,-0.1567368507385254,-0.18826770782470703,-0.25164514780044556,0.07403001189231873,0.3561377227306366,0.15686646103858948,-0.16906848549842834,0.09518516063690186,-0.10980825871229172,-0.0046744332648813725,0.10629186034202576,0.18370121717453003,0.026290910318493843,0.06924034655094147,-0.029205549508333206,0.035095058381557465,0.18773536384105682,-0.07053707540035248,-0.017992481589317322,0.23468051850795746,-0.03364143520593643,0.0276668481528759,-0.014381695538759232,-0.05715372413396835,-0.080861896276474,0.059438616037368774,-0.127470463514328,-0.053511325269937515,0.06351913511753082,0.01982472650706768,-0.03734642267227173,0.09703925251960754,-0.24055859446525574,0.12607209384441376,0.02535979077219963,0.007200895808637142,0.08085504919290543,0.03820551186800003,-0.052894823253154755,-0.10384104400873184,0.06909503787755966,-0.2557086646556854,0.17295581102371216,0.13659295439720154,0.10615596175193787,0.13789117336273193,0.1386994570493698,0.0935925543308258,0.07232162356376648,-0.01586419902741909,-0.1652321219444275,0.02844432182610035,0.14685457944869995,-0.01910480111837387,0.06694849580526352,-0.015073256567120552','./photo/6.jpg');
/*!40000 ALTER TABLE `faceinfo` ENABLE KEYS */;
UNLOCK TABLES;

--
-- Temporary view structure for view `own_record`
--

DROP TABLE IF EXISTS `own_record`;
/*!50001 DROP VIEW IF EXISTS `own_record`*/;
SET @saved_cs_client     = @@character_set_client;
/*!50503 SET character_set_client = utf8mb4 */;
/*!50001 CREATE VIEW `own_record` AS SELECT 
 1 AS `Id`,
 1 AS `Name`,
 1 AS `Time`,
 1 AS `Status`*/;
SET character_set_client = @saved_cs_client;

--
-- Table structure for table `record`
--

DROP TABLE IF EXISTS `record`;
/*!40101 SET @saved_cs_client     = @@character_set_client */;
/*!50503 SET character_set_client = utf8mb4 */;
CREATE TABLE `record` (
  `Id` int DEFAULT NULL,
  `Name` varchar(20) DEFAULT NULL,
  `Time` datetime DEFAULT NULL,
  `Status` varchar(20) DEFAULT NULL,
  KEY `fk_record_staff_id` (`Id`),
  CONSTRAINT `fk_record_staff_id` FOREIGN KEY (`Id`) REFERENCES `staff` (`Id`) ON DELETE CASCADE
) ENGINE=InnoDB DEFAULT CHARSET=utf8mb4 COLLATE=utf8mb4_0900_ai_ci;
/*!40101 SET character_set_client = @saved_cs_client */;

--
-- Dumping data for table `record`
--

LOCK TABLES `record` WRITE;
/*!40000 ALTER TABLE `record` DISABLE KEYS */;
INSERT INTO `record` VALUES (3,'hxx','2024-05-08 00:46:46','正常'),(3,'hxx','2024-06-09 22:31:32','旷工'),(3,'hxx','2024-06-10 01:34:15','正常'),(3,'hxx','2024-06-13 22:22:50','旷工'),(3,'hxx','2024-06-15 09:48:12','旷工'),(3,'hxx','2024-06-15 09:49:32','旷工'),(3,'hxx','2024-06-15 10:02:22','旷工'),(3,'hxx','2024-06-15 10:06:30','旷工'),(3,'hxx','2024-06-15 10:07:20','旷工'),(3,'hxx','2024-06-15 10:08:34','旷工'),(3,'hxx','2024-06-15 10:10:46','旷工'),(3,'hxx','2024-06-15 10:11:54','旷工'),(6,'宋文丽','2024-06-15 10:59:48','旷工'),(3,'hxx','2024-06-15 11:57:00','旷工'),(3,'hxx','2024-06-15 13:41:59','正常'),(3,'hxx','2024-06-16 16:23:06','正常'),(3,'hxx','2024-06-16 17:37:37','旷工'),(3,'hxx','2024-06-16 18:20:32','旷工'),(3,'hxx','2024-06-16 18:24:25','旷工'),(3,'hxx','2024-06-16 18:26:28','旷工'),(3,'hxx','2024-06-16 18:27:09','旷工');
/*!40000 ALTER TABLE `record` ENABLE KEYS */;
UNLOCK TABLES;
/*!50003 SET @saved_cs_client      = @@character_set_client */ ;
/*!50003 SET @saved_cs_results     = @@character_set_results */ ;
/*!50003 SET @saved_col_connection = @@collation_connection */ ;
/*!50003 SET character_set_client  = utf8mb4 */ ;
/*!50003 SET character_set_results = utf8mb4 */ ;
/*!50003 SET collation_connection  = utf8mb4_0900_ai_ci */ ;
/*!50003 SET @saved_sql_mode       = @@sql_mode */ ;
/*!50003 SET sql_mode              = 'ONLY_FULL_GROUP_BY,STRICT_TRANS_TABLES,NO_ZERO_IN_DATE,NO_ZERO_DATE,ERROR_FOR_DIVISION_BY_ZERO,NO_ENGINE_SUBSTITUTION' */ ;
DELIMITER ;;
/*!50003 CREATE*/ /*!50017 DEFINER=`root`@`localhost`*/ /*!50003 TRIGGER `CheckLate` BEFORE INSERT ON `record` FOR EACH ROW BEGIN
                DECLARE shift_start TIME;
                DECLARE shift_end TIME;

                SELECT StartTime INTO shift_start
                FROM WorkSchedule
                WHERE ShiftID = (
                    SELECT CASE 
                        WHEN HOUR(NEW.Time) < 12 THEN 1
                        ELSE 2
                    END
                );

                SELECT EndTime INTO shift_end
                FROM WorkSchedule
                WHERE ShiftID = (
                    SELECT CASE 
                        WHEN HOUR(NEW.Time) < 12 THEN 1
                        ELSE 2
                    END
                );

                IF NEW.Time <= shift_start THEN
                    SET NEW.Status = '正常';
                ELSEIF NEW.Time > shift_start AND NEW.Time < ADDTIME(shift_start, '00:05:00') THEN
                    SET NEW.Status = '迟到';
                ELSE
                    SET NEW.Status = '旷工';
                END IF;
            END */;;
DELIMITER ;
/*!50003 SET sql_mode              = @saved_sql_mode */ ;
/*!50003 SET character_set_client  = @saved_cs_client */ ;
/*!50003 SET character_set_results = @saved_cs_results */ ;
/*!50003 SET collation_connection  = @saved_col_connection */ ;

--
-- Table structure for table `staff`
--

DROP TABLE IF EXISTS `staff`;
/*!40101 SET @saved_cs_client     = @@character_set_client */;
/*!50503 SET character_set_client = utf8mb4 */;
CREATE TABLE `staff` (
  `Id` int NOT NULL AUTO_INCREMENT,
  `name` varchar(50) NOT NULL,
  `password` varchar(50) NOT NULL,
  `sex` varchar(10) NOT NULL,
  `role` varchar(50) NOT NULL,
  `department_id` int NOT NULL,
  PRIMARY KEY (`Id`),
  KEY `department_id` (`department_id`),
  CONSTRAINT `staff_ibfk_1` FOREIGN KEY (`department_id`) REFERENCES `department` (`department_id`),
  CONSTRAINT `chk_sex` CHECK ((`sex` in (_utf8mb4'男',_utf8mb4'女')))
) ENGINE=InnoDB AUTO_INCREMENT=12 DEFAULT CHARSET=utf8mb4 COLLATE=utf8mb4_0900_ai_ci;
/*!40101 SET character_set_client = @saved_cs_client */;

--
-- Dumping data for table `staff`
--

LOCK TABLES `staff` WRITE;
/*!40000 ALTER TABLE `staff` DISABLE KEYS */;
INSERT INTO `staff` VALUES (3,'hxx','12','男','管理员',1),(6,'宋文丽','123123','女','员工',2);
/*!40000 ALTER TABLE `staff` ENABLE KEYS */;
UNLOCK TABLES;

--
-- Table structure for table `student`
--

DROP TABLE IF EXISTS `student`;
/*!40101 SET @saved_cs_client     = @@character_set_client */;
/*!50503 SET character_set_client = utf8mb4 */;
CREATE TABLE `student` (
  `Id` varchar(20) DEFAULT NULL,
  `Name` varchar(20) DEFAULT NULL,
  `encoding` text,
  `path` varchar(1000) DEFAULT NULL
) ENGINE=InnoDB DEFAULT CHARSET=utf8mb4 COLLATE=utf8mb4_0900_ai_ci;
/*!40101 SET character_set_client = @saved_cs_client */;

--
-- Dumping data for table `student`
--

LOCK TABLES `student` WRITE;
/*!40000 ALTER TABLE `student` DISABLE KEYS */;
INSERT INTO `student` VALUES ('436','gbb','-0.122469\n0.0697825\n0.0236378\n-0.0567395\n-0.102519\n0.0137561\n-0.0464308\n-0.17092\n0.12176\n-0.100957\n0.228479\n-0.0676132\n-0.231309\n-0.0766036\n-0.0953953\n0.196482\n-0.15043\n-0.13318\n-0.00604232\n0.014229\n0.111424\n-0.000989096\n0.0272631\n0.0507517\n-0.167639\n-0.301291\n-0.100991\n-0.102749\n-0.101065\n-0.0288401\n-0.0327942\n0.119594\n-0.166304\n-0.00735019\n0.0142098\n0.0826375\n0.0029044\n-0.0742216\n0.163946\n0.00341797\n-0.24654\n0.0290562\n0.0609601\n0.217334\n0.0669316\n-0.0103017\n0.0241155\n-0.140346\n0.105926\n-0.18991\n-0.0547491\n0.136211\n0.0220137\n0.0229386\n-0.00277814\n-0.126494\n0.071234\n0.0760327\n-0.135204\n0.00216065\n0.0358227\n-0.119341\n-0.0703951\n-0.14931\n0.183913\n0.133374\n-0.113157\n-0.169335\n0.0763459\n-0.0943109\n-0.116772\n0.0809374\n-0.177053\n-0.214919\n-0.313959\n0.00299878\n0.343576\n0.0919417\n-0.198019\n0.0607431\n0.0134055\n0.028848\n0.110721\n0.194899\n-0.00962436\n0.0860894\n-0.0808411\n0.00548976\n0.215206\n-0.10366\n-0.0114903\n0.244329\n-0.0239109\n0.105715\n0.0141251\n0.0528319\n-0.0572795\n0.0399133\n-0.104887\n0.0356402\n0.102665\n-0.0297125\n-0.0124829\n0.101608\n-0.148743\n0.0637894\n-0.0484264\n-0.00195173\n0.0116383\n-0.054427\n-0.0729815\n-0.0219508\n0.115634\n-0.211624\n0.176373\n0.181559\n0.0107584\n0.0902068\n0.147034\n0.0579586\n-0.056198\n0.0145903\n-0.229803\n-0.0373201\n0.176717\n-0.0638863\n0.018631\n-0.0606391','C:/Users/HXX/Pictures/zhenjian/BF3B4A2CB0F00E68E476A7CEAD39E2AE.png'),('90','ik','-0.122469\n0.0697825\n0.0236378\n-0.0567395\n-0.102519\n0.0137561\n-0.0464308\n-0.17092\n0.12176\n-0.100957\n0.228479\n-0.0676132\n-0.231309\n-0.0766036\n-0.0953953\n0.196482\n-0.15043\n-0.13318\n-0.00604232\n0.014229\n0.111424\n-0.000989096\n0.0272631\n0.0507517\n-0.167639\n-0.301291\n-0.100991\n-0.102749\n-0.101065\n-0.0288401\n-0.0327942\n0.119594\n-0.166304\n-0.00735019\n0.0142098\n0.0826375\n0.0029044\n-0.0742216\n0.163946\n0.00341797\n-0.24654\n0.0290562\n0.0609601\n0.217334\n0.0669316\n-0.0103017\n0.0241155\n-0.140346\n0.105926\n-0.18991\n-0.0547491\n0.136211\n0.0220137\n0.0229386\n-0.00277814\n-0.126494\n0.071234\n0.0760327\n-0.135204\n0.00216065\n0.0358227\n-0.119341\n-0.0703951\n-0.14931\n0.183913\n0.133374\n-0.113157\n-0.169335\n0.0763459\n-0.0943109\n-0.116772\n0.0809374\n-0.177053\n-0.214919\n-0.313959\n0.00299878\n0.343576\n0.0919417\n-0.198019\n0.0607431\n0.0134055\n0.028848\n0.110721\n0.194899\n-0.00962436\n0.0860894\n-0.0808411\n0.00548976\n0.215206\n-0.10366\n-0.0114903\n0.244329\n-0.0239109\n0.105715\n0.0141251\n0.0528319\n-0.0572795\n0.0399133\n-0.104887\n0.0356402\n0.102665\n-0.0297125\n-0.0124829\n0.101608\n-0.148743\n0.0637894\n-0.0484264\n-0.00195173\n0.0116383\n-0.054427\n-0.0729815\n-0.0219508\n0.115634\n-0.211624\n0.176373\n0.181559\n0.0107584\n0.0902068\n0.147034\n0.0579586\n-0.056198\n0.0145903\n-0.229803\n-0.0373201\n0.176717\n-0.0638863\n0.018631\n-0.0606391','C:/Users/HXX/Pictures/zhenjian/BF3B4A2CB0F00E68E476A7CEAD39E2AE.png'),('312','hxx','-0.14245742559432983,0.0992795079946518,0.0716722160577774,-0.10069666057825089,-0.08395476639270782,-0.016200382262468338,-0.04566487297415733,-0.08693434298038483,0.13036443293094635,-0.09876035153865814,0.27301928400993347,-0.07981395721435547,-0.22590334713459015,-0.113592728972435,-0.09650876373052597,0.2048518806695938,-0.1718953549861908,-0.14681920409202576,-0.016415733844041824,0.06926090270280838,0.13345405459403992,-0.030656224116683006,-0.006318412721157074,0.029980508610606194,-0.15142984688282013,-0.34652313590049744,-0.11601131409406662,-0.0447201132774353,-0.1081477552652359,-0.0910215899348259,-0.0247635580599308,0.1137218251824379,-0.19870778918266296,-0.02450929954648018,-0.02021629735827446,0.04047974571585655,-0.0005868216976523399,-0.05573870986700058,0.13023290038108826,0.015140638686716557,-0.2582409679889679,0.029297754168510437,0.07585970312356949,0.24367892742156982,0.16167056560516357,0.004172442480921745,0.01121731847524643,-0.14100712537765503,0.08007290214300156,-0.22405894100666046,-0.0455893874168396,0.18548716604709625,0.018085593357682228,0.05804502218961716,0.018646709620952606,-0.08072881400585175,0.06705605238676071,0.04397282749414444,-0.08996608853340149,-0.012379742227494717,0.04854273051023483,-0.08023007959127426,-0.04858018830418587,-0.13808636367321014,0.1922709345817566,0.0717674270272255,-0.12114111334085464,-0.17243638634681702,0.12191298604011536,-0.08151370286941528,-0.08246126025915146,0.0922720730304718,-0.18960334360599518,-0.21943871676921844,-0.2923031449317932,0.018058519810438156,0.3411315381526947,0.10012387484312057,-0.21081489324569702,0.09861388802528381,-0.0705755278468132,0.019981885328888893,0.09600426256656647,0.173559308052063,0.018977578729391098,0.06961793452501297,-0.09398843348026276,0.01881209947168827,0.2319956123828888,-0.09733040630817413,0.00823939312249422,0.25609222054481506,0.011067832820117474,0.06717117130756378,0.04093656688928604,0.022859688848257065,-0.018874716013669968,0.03569476678967476,-0.1384211927652359,0.03496342524886131,0.05280375853180885,-0.0469542071223259,-0.06602118909358978,0.10909721255302429,-0.11768804490566254,0.08259377628564835,0.013281445018947124,0.03837616369128227,-0.0007021678611636162,-0.023890312761068344,-0.06641332060098648,-0.07195273041725159,0.07153742760419846,-0.2116672247648239,0.17866544425487518,0.16995221376419067,0.028327587991952896,0.06176358088850975,0.1428741216659546,0.10835757106542587,-0.04616917297244072,-0.004637954756617546,-0.15504063665866852,-0.011797280982136726,0.13359355926513672,-0.03382495045661926,0.015841230750083923,-0.054872509092092514','./photo/312.jpg'),('564','宋文丽','-0.10936065018177032,0.1023959144949913,0.02478759177029133,-0.06942582130432129,-0.10639534145593643,0.048093028366565704,-0.07981391251087189,-0.036111392080783844,0.09560246020555496,-0.11218404769897461,0.20715945959091187,-0.060356512665748596,-0.22051525115966797,-0.027734791859984398,-0.0292658768594265,0.1668493002653122,-0.10499256104230881,-0.07717326283454895,-0.07600860297679901,-0.04164690524339676,0.02312265709042549,-0.004126633517444134,-0.01893295906484127,0.06071131303906441,-0.0822996199131012,-0.3084491491317749,-0.056888677179813385,-0.12206102907657623,0.012092376127839088,-0.08539345860481262,-0.08817789703607559,-0.0019101754296571016,-0.10807526111602783,0.0038311779499053955,-0.01310811098664999,0.08327759802341461,-0.046337638050317764,-0.05282837897539139,0.13864979147911072,-0.014693211764097214,-0.2060476541519165,-0.05746635049581528,0.06802449375391006,0.2324940711259842,0.1961841881275177,0.04541664570569992,0.06524807214736938,-0.07573626935482025,0.08702127635478973,-0.16354741156101227,0.11756328493356705,0.0808819979429245,0.0924215018749237,0.09064807742834091,0.03678898140788078,-0.13550490140914917,0.017658241093158722,0.1285083144903183,-0.07301993668079376,0.04271507263183594,0.10087426751852036,-0.07984551787376404,-0.049523040652275085,-0.0655263215303421,0.25806647539138794,0.0951671227812767,-0.10975509136915207,-0.1777837872505188,0.15152941644191742,-0.15122750401496887,-0.11965908855199814,0.029811564832925797,-0.13962604105472565,-0.15056690573692322,-0.3009345531463623,0.10065553337335587,0.3733333945274353,0.20056937634944916,-0.14135897159576416,0.03541426733136177,-0.01875132881104946,-0.04133997857570648,0.11898244172334671,0.16892290115356445,-0.039180077612400055,-0.02368447184562683,-0.05964130163192749,0.00738007016479969,0.21166549623012543,-0.06399861723184586,-0.014868669211864471,0.12245922535657883,-0.014046065509319305,0.013298369944095612,-0.01796812005341053,0.029814032837748528,-0.0926981121301651,0.04763731732964516,-0.08648485690355301,-0.022992439568042755,0.05247582122683525,-0.0661633089184761,-0.0038000401109457016,0.11380486935377121,-0.17288371920585632,0.13406622409820557,-0.021493911743164062,0.008182859048247337,0.03745800256729126,0.038128748536109924,-0.0874924436211586,-0.06023912504315376,0.15231208503246307,-0.16361308097839355,0.14721286296844482,0.1721290796995163,0.1409461349248886,0.11368166655302048,0.16515177488327026,0.12726040184497833,0.06995855271816254,-0.0016081025823950768,-0.2285526543855667,-0.03328585624694824,0.09184829145669937,-0.010251126252114773,0.05429800599813461,0.058807652443647385','./photo/564.jpg');
/*!40000 ALTER TABLE `student` ENABLE KEYS */;
UNLOCK TABLES;

--
-- Table structure for table `workschedule`
--

DROP TABLE IF EXISTS `workschedule`;
/*!40101 SET @saved_cs_client     = @@character_set_client */;
/*!50503 SET character_set_client = utf8mb4 */;
CREATE TABLE `workschedule` (
  `ShiftID` int NOT NULL,
  `ShiftName` varchar(20) DEFAULT NULL,
  `StartTime` time DEFAULT NULL,
  `EndTime` time DEFAULT NULL,
  PRIMARY KEY (`ShiftID`)
) ENGINE=InnoDB DEFAULT CHARSET=utf8mb4 COLLATE=utf8mb4_0900_ai_ci;
/*!40101 SET character_set_client = @saved_cs_client */;

--
-- Dumping data for table `workschedule`
--

LOCK TABLES `workschedule` WRITE;
/*!40000 ALTER TABLE `workschedule` DISABLE KEYS */;
INSERT INTO `workschedule` VALUES (1,'上午','08:00:00','08:30:00'),(2,'下午','16:30:00','23:00:00');
/*!40000 ALTER TABLE `workschedule` ENABLE KEYS */;
UNLOCK TABLES;

--
-- Final view structure for view `department_employees_info`
--

/*!50001 DROP VIEW IF EXISTS `department_employees_info`*/;
/*!50001 SET @saved_cs_client          = @@character_set_client */;
/*!50001 SET @saved_cs_results         = @@character_set_results */;
/*!50001 SET @saved_col_connection     = @@collation_connection */;
/*!50001 SET character_set_client      = utf8mb4 */;
/*!50001 SET character_set_results     = utf8mb4 */;
/*!50001 SET collation_connection      = utf8mb4_0900_ai_ci */;
/*!50001 CREATE ALGORITHM=UNDEFINED */
/*!50013 DEFINER=`root`@`localhost` SQL SECURITY DEFINER */
/*!50001 VIEW `department_employees_info` AS select `d`.`department_id` AS `department_id`,`d`.`department_name` AS `department_name`,`s`.`name` AS `name`,`s`.`sex` AS `sex`,`t`.`total_employees` AS `total_employees` from ((`department` `d` join `staff` `s` on((`d`.`department_id` = `s`.`department_id`))) left join (select `staff`.`department_id` AS `department_id`,count(`staff`.`name`) AS `total_employees` from `staff` group by `staff`.`department_id`) `t` on((`d`.`department_id` = `t`.`department_id`))) order by `d`.`department_id` */;
/*!50001 SET character_set_client      = @saved_cs_client */;
/*!50001 SET character_set_results     = @saved_cs_results */;
/*!50001 SET collation_connection      = @saved_col_connection */;

--
-- Final view structure for view `own_record`
--

/*!50001 DROP VIEW IF EXISTS `own_record`*/;
/*!50001 SET @saved_cs_client          = @@character_set_client */;
/*!50001 SET @saved_cs_results         = @@character_set_results */;
/*!50001 SET @saved_col_connection     = @@collation_connection */;
/*!50001 SET character_set_client      = utf8mb4 */;
/*!50001 SET character_set_results     = utf8mb4 */;
/*!50001 SET collation_connection      = utf8mb4_0900_ai_ci */;
/*!50001 CREATE ALGORITHM=UNDEFINED */
/*!50013 DEFINER=`root`@`localhost` SQL SECURITY DEFINER */
/*!50001 VIEW `own_record` AS select `record`.`Id` AS `Id`,`record`.`Name` AS `Name`,`record`.`Time` AS `Time`,`record`.`Status` AS `Status` from `record` where (`record`.`Id` = 3) */;
/*!50001 SET character_set_client      = @saved_cs_client */;
/*!50001 SET character_set_results     = @saved_cs_results */;
/*!50001 SET collation_connection      = @saved_col_connection */;
/*!40103 SET TIME_ZONE=@OLD_TIME_ZONE */;

/*!40101 SET SQL_MODE=@OLD_SQL_MODE */;
/*!40014 SET FOREIGN_KEY_CHECKS=@OLD_FOREIGN_KEY_CHECKS */;
/*!40014 SET UNIQUE_CHECKS=@OLD_UNIQUE_CHECKS */;
/*!40101 SET CHARACTER_SET_CLIENT=@OLD_CHARACTER_SET_CLIENT */;
/*!40101 SET CHARACTER_SET_RESULTS=@OLD_CHARACTER_SET_RESULTS */;
/*!40101 SET COLLATION_CONNECTION=@OLD_COLLATION_CONNECTION */;
/*!40111 SET SQL_NOTES=@OLD_SQL_NOTES */;

-- Dump completed on 2024-06-17 20:29:22
